newsHeadline,processed_txt,predicted_sentiment
"Inflation data, retail sales, Walmart earnings await a jumpy stock market: What to know this week","Inflation data, retail sales, Walmart earnings await a jumpy stock market: What to know this week",positive
Whipsaw week for stocks leaves markets 'on edge' ahead of busy economic data week,Whipsaw week for stocks leaves markets 'on edge' ahead of busy economic data week,neutral
"Down Between 12% and 24% From Their 52-Week Highs, 3 Magnificent Dow Dividend Stocks to Buy Now","Down Between 12% and 24% From Their 52-Week Highs, 3 Magnificent Dow Dividend Stocks to Buy Now",negative
Traders Bet on Wild Swings With CPI Print Set to Test the Market,Traders Bet on Wild Swings With CPI Print Set to Test the Market,neutral
"Down 60% This Year, Is Intel Stock a Bargain Buy?","Down 60% This Year, Is Intel Stock a Bargain Buy?",positive
Is Starbucks' Stock in Trouble?,Is Starbucks' Stock in Trouble?,negative
These 9 Dividend ETFs Are a Retiree's Best Friend,These 9 Dividend ETFs Are a Retiree's Best Friend,positive
Dow Jones Futures Due: Market Rally Setting Up; These Stocks Are Near Buy Points As Nvidia Struggles,Dow Jones Futures Due: Market Rally Setting Up; These Stocks Are Near Buy Points As Nvidia Struggles,positive
Will Berkshire Hathaway Reach a Trillion-Dollar Market Cap in 2025?,Will Berkshire Hathaway Reach a Trillion-Dollar Market Cap in 2025?,neutral
1 No-Brainer Growth Stock I Can't Wait to Buy Again if the Market Crashes,1 No-Brainer Growth Stock I Can't Wait to Buy Again if the Market Crashes,positive
"The Nasdaq Sell-Off Has Accelerated, and History Suggests It'll Get Worse in the Coming Months","The Nasdaq Sell-Off Has Accelerated, and History Suggests It'll Get Worse in the Coming Months",negative
3 High-Yield Dividend ETFs to Buy to Generate Passive Income,3 High-Yield Dividend ETFs to Buy to Generate Passive Income,neutral
"Stock Split Prediction: 2 Artificial Intelligence (AI) Stocks Will Split After Nvidia, Broadcom, and Super Micro","Stock Split Prediction: 2 Artificial Intelligence (AI) Stocks Will Split After Nvidia, Broadcom, and Super Micro",neutral
Worried About the Stock Market? 1 Surefire ETF You Can't Go Wrong With,Worried About the Stock Market? 1 Surefire ETF You Can't Go Wrong With,negative
Buckle up! More market excitement is coming,Buckle up! More market excitement is coming,neutral
Warren Buffett Just Sold Half of His Apple Stock. 3 Reasons Not to Panic.,Warren Buffett Just Sold Half of His Apple Stock. 3 Reasons Not to Panic.,neutral
3 Stock-Split Stocks to Buy Hand Over Fist Before They Soar as Much as 204% According to Select Wall Street Analysts,3 Stock-Split Stocks to Buy Hand Over Fist Before They Soar as Much as 204% According to Select Wall Street Analysts,neutral
2 Unstoppable Growth Stocks That Could Crush the S&P 500 Over the Next 5 Years,2 Unstoppable Growth Stocks That Could Crush the S&P 500 Over the Next 5 Years,positive
"If You Invested $1000 In Simon Property Stock 20 Years Ago, How Much Would You Have Now?","If You Invested $1000 In Simon Property Stock 20 Years Ago, How Much Would You Have Now?",neutral
Warren Buffett Just Sent a $277 Billion Warning to Stock Investors,Warren Buffett Just Sent a $277 Billion Warning to Stock Investors,negative
"Dave Ramsey Says Take Social Security at Age 62, But Only If You Do This With Each Check","Dave Ramsey Says Take Social Security at Age 62, But Only If You Do This With Each Check",neutral
2 Billionaire-Held Stocks That Could Outperform the S&P 500 Over the Next 5 Years,2 Billionaire-Held Stocks That Could Outperform the S&P 500 Over the Next 5 Years,positive
"Down 20% in 2024, Is Ford Stock a Buy On This Dip?","Down 20% in 2024, Is Ford Stock a Buy On This Dip?",positive
Earnings Growth in US Finally Showing Up Outside Tech Megacaps,Earnings Growth in US Finally Showing Up Outside Tech Megacaps,positive
The stock market suffers another August scare. Here are the lessons for investors.,The stock market suffers another August scare. Here are the lessons for investors.,neutral
"Where stocks may be headed after a wild week, according to the options market","Where stocks may be headed after a wild week, according to the options market",neutral
Market volatility goes both ways: Chart of the Week,Market volatility goes both ways: Chart of the Week,neutral
Will the Stock Market Soar If the Fed Cuts Rates in September? Here's What History Shows.,Will the Stock Market Soar If the Fed Cuts Rates in September? Here's What History Shows.,negative
Market Turmoil Revives Age-Old Question: Should You Buy the Dip?,Market Turmoil Revives Age-Old Question: Should You Buy the Dip?,neutral
Where Will Home Depot Stock Be in 5 Years?,Where Will Home Depot Stock Be in 5 Years?,neutral
Weekly market recap: Here's how S&P 500 sectors performed last week,Weekly market recap: Here's how S&P 500 sectors performed last week,neutral
"Meet the Newest Stock-Split Stock in the S&P 500. It Soared 500% Since Last Year, and Wall Street Says It's Still a Buy Right Now.","Meet the Newest Stock-Split Stock in the S&P 500. It Soared 500% Since Last Year, and Wall Street Says It's Still a Buy Right Now.",positive
Is the Vanguard Information Technology ETF a Millionaire Maker?,Is the Vanguard Information Technology ETF a Millionaire Maker?,neutral
Recession predictions reset after market scare,Recession predictions reset after market scare,negative
The Market Is Scary. These Stocks and Bonds Can Protect Your Portfolio.,The Market Is Scary. These Stocks and Bonds Can Protect Your Portfolio.,positive
Stocks Brought a Week of Whiplash. It Might Not Be Over Yet.,Stocks Brought a Week of Whiplash. It Might Not Be Over Yet.,neutral
Why Nu Skin Enterprises Stock Flopped on Friday,Why Nu Skin Enterprises Stock Flopped on Friday,negative
Why American Axle & Manufacturing Stock Rocketed Nearly 5% Higher Today,Why American Axle & Manufacturing Stock Rocketed Nearly 5% Higher Today,positive
Retail Earnings Loom: A Preview,Retail Earnings Loom: A Preview,neutral
"Recession concerns, treasury yields, & more: What's moving markets","Recession concerns, treasury yields, & more: What's moving markets",neutral
HudBay Minerals (HBM) Surpasses Market Returns: Some Facts Worth Knowing,HudBay Minerals (HBM) Surpasses Market Returns: Some Facts Worth Knowing,positive
"Bitcoin rebound, markets recover: Market Domination","Bitcoin rebound, markets recover: Market Domination",positive
The Stock Market’s Wild Week Was a Wake-Up Call. What to Do Now.,The Stock Market’s Wild Week Was a Wake-Up Call. What to Do Now.,neutral
"Streaming wars, tech sector rebound: Asking for a Trend","Streaming wars, tech sector rebound: Asking for a Trend",positive
Trip.com (TCOM) Stock Falls Amid Market Uptick: What Investors Need to Know,Trip.com (TCOM) Stock Falls Amid Market Uptick: What Investors Need to Know,negative
This pullback was long overdue: Strategist,This pullback was long overdue: Strategist,positive
"JD.com, Inc. (JD) Stock Dips While Market Gains: Key Facts","JD.com, Inc. (JD) Stock Dips While Market Gains: Key Facts",positive
"Bit Digital, Inc. (BTBT) Stock Sinks As Market Gains: What You Should Know","Bit Digital, Inc. (BTBT) Stock Sinks As Market Gains: What You Should Know",positive
"Tech still reigns, bond yields bounce back: Market trends","Tech still reigns, bond yields bounce back: Market trends",positive
S&P 500 Gains and Losses Today: Expedia Soars as International Demand Drives Earnings Beat,S&P 500 Gains and Losses Today: Expedia Soars as International Demand Drives Earnings Beat,positive
"Stock Market Week: A Look At U.S. And China Consumers, And These Fast-Moving Stocks","Stock Market Week: A Look At U.S. And China Consumers, And These Fast-Moving Stocks",neutral
What Stock Market Crash? This Week Turned Out (Mostly) Fine.,What Stock Market Crash? This Week Turned Out (Mostly) Fine.,positive
Equities Rise as Markets Analyze Fed Official's Remarks,Equities Rise as Markets Analyze Fed Official's Remarks,neutral
"S&P 500 Posts Slight Weekly Loss; Materials, Consumer Discretionary Weigh While Industrials, Energy Climb","S&P 500 Posts Slight Weekly Loss; Materials, Consumer Discretionary Weigh While Industrials, Energy Climb",negative
Stocks Make Comeback at End of Dizzying Week: Markets Wrap,Stocks Make Comeback at End of Dizzying Week: Markets Wrap,neutral
US Equity Indexes Fall This Week as Monday's Sell-off Too Deep for Supportive Data to Engineer V-Shaped Recovery,US Equity Indexes Fall This Week as Monday's Sell-off Too Deep for Supportive Data to Engineer V-Shaped Recovery,negative
"How major US stock indexes fared Friday, 8/9/2024","How major US stock indexes fared Friday, 8/9/2024",neutral
Global Markets Go on Wild Ride in Week Marked by Forced Selling,Global Markets Go on Wild Ride in Week Marked by Forced Selling,negative
"Stocks close higher, mostly recovered from Monday sell-off","Stocks close higher, mostly recovered from Monday sell-off",positive
Stock Market Today: S&P 500 rises as tech leads recovery after tumultuous week,Stock Market Today: S&P 500 rises as tech leads recovery after tumultuous week,positive
Markets saw a massive shift this week. Here’s what happened,Markets saw a massive shift this week. Here’s what happened,neutral
"S&P 500 Gains 0.5%, Nearly Breaking Even for the Week","S&P 500 Gains 0.5%, Nearly Breaking Even for the Week",positive
7 Best Stocks For Magnificent Earnings Growth Next Year,7 Best Stocks For Magnificent Earnings Growth Next Year,positive
This econ. climate should be 'fertile for stocks': Strategist,This econ. climate should be 'fertile for stocks': Strategist,positive
Hennessy Japan Fund Commentary- Japan: Land of Opportunity Potential,Hennessy Japan Fund Commentary- Japan: Land of Opportunity Potential,neutral
Will Homebuilding ETFs Have Their Moment Now?,Will Homebuilding ETFs Have Their Moment Now?,neutral
Equities Rise Intraday as Markets Weigh Fed Official's Comments,Equities Rise Intraday as Markets Weigh Fed Official's Comments,negative
"S&P 500 Pulls Back, Heads Toward Weekly Decline.","S&P 500 Pulls Back, Heads Toward Weekly Decline.",negative
"If You Invested $1000 In Netflix Stock 20 Years Ago, How Much Would You Have Now?","If You Invested $1000 In Netflix Stock 20 Years Ago, How Much Would You Have Now?",neutral
"Fed rate cut odds, consumer spending: Wealth!","Fed rate cut odds, consumer spending: Wealth!",negative
"Volatile week for stocks, where investors are buying: Catalysts","Volatile week for stocks, where investors are buying: Catalysts",neutral
"Midday movers: Expedia, Sweetgreen, Eli Lilly up; Nvidia, Intel down","Midday movers: Expedia, Sweetgreen, Eli Lilly up; Nvidia, Intel down",negative
"S&P 500 Gains, Wiping Out Monday's Drop","S&P 500 Gains, Wiping Out Monday's Drop",negative
"US Equity Indexes Rise, Treasury Yields Mixed in Choppy Trading","US Equity Indexes Rise, Treasury Yields Mixed in Choppy Trading",negative
Can the 'Magnificent Seven' Stocks Rebound From Their Longest Slump in Years?,Can the 'Magnificent Seven' Stocks Rebound From Their Longest Slump in Years?,positive
Healthcare Stocks Are Turning Around. Here Are the Latest Winners.,Healthcare Stocks Are Turning Around. Here Are the Latest Winners.,positive
"FTSE 100 poised to be ‘winner’ in stocks turmoil, says JP Morgan","FTSE 100 poised to be ‘winner’ in stocks turmoil, says JP Morgan",positive
3 Wood Stocks Worth Watching Despite a Challenging Industry,3 Wood Stocks Worth Watching Despite a Challenging Industry,positive
"Top Stock Movers Now: Sweetgreen, Intel, Akamai Technologies, and More","Top Stock Movers Now: Sweetgreen, Intel, Akamai Technologies, and More",neutral
Defense Stocks Fly To Stratospheric Heights Amid Sector Rotation,Defense Stocks Fly To Stratospheric Heights Amid Sector Rotation,neutral
'Don't overreact to market volatility': Strategist,'Don't overreact to market volatility': Strategist,negative
US Equity Indexes Slide in Midday Trading,US Equity Indexes Slide in Midday Trading,neutral
Surging Earnings Estimates Signal Upside for ZIM (ZIM) Stock,Surging Earnings Estimates Signal Upside for ZIM (ZIM) Stock,positive
Why Payoneer Global (PAYO) Might be Well Poised for a Surge,Why Payoneer Global (PAYO) Might be Well Poised for a Surge,positive
Why Inspire (INSP) Might be Well Poised for a Surge,Why Inspire (INSP) Might be Well Poised for a Surge,positive
Earnings Estimates Moving Higher for Life Time Group Holdings (LTH): Time to Buy?,Earnings Estimates Moving Higher for Life Time Group Holdings (LTH): Time to Buy?,positive
Summers ‘Appalled’ at Idea of Presidential Sway Over Fed Policy,Summers ‘Appalled’ at Idea of Presidential Sway Over Fed Policy,neutral
S&P 500 to drop to 3750 in 2025: BCA,S&P 500 to drop to 3750 in 2025: BCA,negative
3 stocks retail investors turned to when stocks fell this week,3 stocks retail investors turned to when stocks fell this week,negative
The yen carry trade's impact on the markets this week,The yen carry trade's impact on the markets this week,neutral
3 Promising mREIT Stocks to Buy as Industry Gains Momentum,3 Promising mREIT Stocks to Buy as Industry Gains Momentum,positive
"Bitcoin Briefly Climbs To $61K Then Seesaws, Mirroring Stock Market Movements","Bitcoin Briefly Climbs To $61K Then Seesaws, Mirroring Stock Market Movements",positive
Dow Ticks Up. It's a Summer Friday for the Stock Market.,Dow Ticks Up. It's a Summer Friday for the Stock Market.,neutral
Volatility Pros Say Record VIX Surge on Monday Was a Head Fake,Volatility Pros Say Record VIX Surge on Monday Was a Head Fake,positive
The labor market and economy are not collapsing: Strategist,The labor market and economy are not collapsing: Strategist,neutral
"Google Has Been Ruled a Monopoly. On the Internet, It May Not Matter.","Google Has Been Ruled a Monopoly. On the Internet, It May Not Matter.",positive
Market will 'continue to churn' until the election: Ed Yardeni,Market will 'continue to churn' until the election: Ed Yardeni,negative
3 Steel Producer Stocks to Watch Amid Industry Challenges,3 Steel Producer Stocks to Watch Amid Industry Challenges,neutral
"Stocks open lower, Wall Street's 'fear gauge' dips below 25","Stocks open lower, Wall Street's 'fear gauge' dips below 25",negative
Buffett’s Apple Share Dump Is Set to Reshape Major Stock Gauges,Buffett’s Apple Share Dump Is Set to Reshape Major Stock Gauges,negative
"Stock market today: S&P 500, Nasdaq rise, nearly wiping out week's losses in wild turnaround","Stock market today: S&P 500, Nasdaq rise, nearly wiping out week's losses in wild turnaround",positive
Stocks Open Lower to Close Out a Volatile Trading Week,Stocks Open Lower to Close Out a Volatile Trading Week,negative
"Tech stocks, bitcoin above $60k, Powell under fire: 3 things","Tech stocks, bitcoin above $60k, Powell under fire: 3 things",positive
"Stock Market News for Aug 9, 2024","Stock Market News for Aug 9, 2024",neutral
MRC (MRC) International Revenue Performance Explored,MRC (MRC) International Revenue Performance Explored,positive
Breaking down the bull vs. bear case for chip stocks,Breaking down the bull vs. bear case for chip stocks,negative
1 Magnificent S&P 500 Dividend Stock Down 28% to Buy and Hold Forever,1 Magnificent S&P 500 Dividend Stock Down 28% to Buy and Hold Forever,negative
Dow Jones Futures: Market Rally Still Must Do This; Nvidia Chipmaker's Sales Boom,Dow Jones Futures: Market Rally Still Must Do This; Nvidia Chipmaker's Sales Boom,positive
Abercrombie (ANF) Plunges 19% in a Month: Should You Buy Now?,Abercrombie (ANF) Plunges 19% in a Month: Should You Buy Now?,negative
Wall Street Rebounds as Rate Cut Hopes Rise: 5 Stocks to Buy,Wall Street Rebounds as Rate Cut Hopes Rise: 5 Stocks to Buy,positive
"First Mover Americas: Bitcoin Reclaims $62K, Bulls Revisit $100K Target","First Mover Americas: Bitcoin Reclaims $62K, Bulls Revisit $100K Target",neutral
Positioning your portfolio for 2024 election uncertainty,Positioning your portfolio for 2024 election uncertainty,neutral
Can Wall Street ETFs Sustain the Latest Rebound?,Can Wall Street ETFs Sustain the Latest Rebound?,positive
"Agios Pharmaceuticals, Inc. (AGIO): Are Street Analysts Bullish on This Top Caligan Partner Holding Right Now?","Agios Pharmaceuticals, Inc. (AGIO): Are Street Analysts Bullish on This Top Caligan Partner Holding Right Now?",positive
Why Is Liquidia Corporation (LQDA) The Best Among Caligan Partners’ Top Holdings?,Why Is Liquidia Corporation (LQDA) The Best Among Caligan Partners’ Top Holdings?,positive
"With Recession Fears Looming, History Says You Should Be Buying This ETF","With Recession Fears Looming, History Says You Should Be Buying This ETF",neutral
"Should You Invest on Alimera Sciences, Inc. (ALIM) Right Now?","Should You Invest on Alimera Sciences, Inc. (ALIM) Right Now?",neutral
"Anika Therapeutics, Inc. (ANIK): Are Hedge Funds Bullish on This Caligan Partners-Approved Stock?","Anika Therapeutics, Inc. (ANIK): Are Hedge Funds Bullish on This Caligan Partners-Approved Stock?",neutral
"Bitcoin Price Reaches $60,000. How Cryptos Are Recovering After a Tough Week.","Bitcoin Price Reaches $60,000. How Cryptos Are Recovering After a Tough Week.",neutral
"Evolus, Inc. (EOLS): Is It One of Caligan Partners’ Top Holdings Now?","Evolus, Inc. (EOLS): Is It One of Caligan Partners’ Top Holdings Now?",neutral
5 Relative Price Strength Stocks to Manage Market Volatility,5 Relative Price Strength Stocks to Manage Market Volatility,positive
Is Caligan Partners Bullish on Exelixis Inc (EXEL) Right Now?,Is Caligan Partners Bullish on Exelixis Inc (EXEL) Right Now?,positive
Is Verona Pharma plc (VRNA) a Good Addition to Your Portfolio Now?,Is Verona Pharma plc (VRNA) a Good Addition to Your Portfolio Now?,neutral
"Enanta Pharmaceuticals, Inc. (ENTA): Caligan Partners’ Top Holding Right Now?","Enanta Pharmaceuticals, Inc. (ENTA): Caligan Partners’ Top Holding Right Now?",neutral
"Is Agios Pharmaceuticals, Inc. (AGIO) a Good Addition to Your Portfolio Now?","Is Agios Pharmaceuticals, Inc. (AGIO) a Good Addition to Your Portfolio Now?",neutral
"Y-mAbs Therapeutics, Inc. (YMAB): One of Caligan Partners’ Top Holdings Now?","Y-mAbs Therapeutics, Inc. (YMAB): One of Caligan Partners’ Top Holdings Now?",neutral
Why Is Caligan Partners Bullish on Outlook Therapeutics Inc (OTLK) Right Now?,Why Is Caligan Partners Bullish on Outlook Therapeutics Inc (OTLK) Right Now?,positive
"The key question answered: If the time is now, what should I buy?","The key question answered: If the time is now, what should I buy?",neutral
Nasdaq Stock Market Sell-Off: 3 Stocks to Put on Your Buy List,Nasdaq Stock Market Sell-Off: 3 Stocks to Put on Your Buy List,positive
Stock Market Takes On A Split Personality,Stock Market Takes On A Split Personality,neutral
This High-Yield Dividend Stock Is as Safe as They Come -- Even If You've Never Heard of It,This High-Yield Dividend Stock Is as Safe as They Come -- Even If You've Never Heard of It,positive
Stocks Building on Gains. The Market May Get Back to Where It Started the Week—What That Shows.,Stocks Building on Gains. The Market May Get Back to Where It Started the Week—What That Shows.,neutral
Markets Are Reacting to Jobs Over Inflation. Why the Fed Needs More Convincing and 5 Other Things to Know Today.,Markets Are Reacting to Jobs Over Inflation. Why the Fed Needs More Convincing and 5 Other Things to Know Today.,positive
"'Buy stocks, not the stock market': Wells Fargo","'Buy stocks, not the stock market': Wells Fargo",neutral
Is Invesco S&P 500 Pure Value ETF (RPV) a Strong ETF Right Now?,Is Invesco S&P 500 Pure Value ETF (RPV) a Strong ETF Right Now?,positive
Should Invesco S&P 500 Revenue ETF (RWL) Be on Your Investing Radar?,Should Invesco S&P 500 Revenue ETF (RWL) Be on Your Investing Radar?,neutral
Stock Market Today: Stocks mixed after rollercoaster week,Stock Market Today: Stocks mixed after rollercoaster week,negative
Rollercoaster week in US stocks leaves investors braced for bumps ahead,Rollercoaster week in US stocks leaves investors braced for bumps ahead,positive
What to do after a week of stock turmoil? Strategists say do nothing: Morning Brief,What to do after a week of stock turmoil? Strategists say do nothing: Morning Brief,neutral
"S&P 500 ends up, but near flat for week after Monday's steep selloff","S&P 500 ends up, but near flat for week after Monday's steep selloff",negative
Stock Market Correction: 2 Unstoppable Vanguard ETFs to Buy With $800 During the S&P 500 Sell-Off,Stock Market Correction: 2 Unstoppable Vanguard ETFs to Buy With $800 During the S&P 500 Sell-Off,positive
1 Russell 2000 Growth Stock to Buy During the Market Sell-Off,1 Russell 2000 Growth Stock to Buy During the Market Sell-Off,positive
BofA’s Hartnett Says Market Selloff Yet to Breach Key Levels,BofA’s Hartnett Says Market Selloff Yet to Breach Key Levels,positive
Zacks Industry Outlook Apple and HP,Zacks Industry Outlook Apple and HP,neutral
The Zacks Analyst Blog Vertex Pharmaceuticals CRISPR and Moderna,The Zacks Analyst Blog Vertex Pharmaceuticals CRISPR and Moderna,neutral
"US futures, Disney, Chinese inflation, EV sales - what's moving markets","US futures, Disney, Chinese inflation, EV sales - what's moving markets",neutral
S&P 500 correction likely not over: strategists,S&P 500 correction likely not over: strategists,negative
FTSE 100: Wall Street to finish week in the red as London and Europe close higher,FTSE 100: Wall Street to finish week in the red as London and Europe close higher,neutral
Stock Market Sell-Off: 3 Mistakes You Need to Avoid,Stock Market Sell-Off: 3 Mistakes You Need to Avoid,negative
"Crypto, Equities Markets Surge Following Positive Unemployment Data","Crypto, Equities Markets Surge Following Positive Unemployment Data",positive
"The Economy Is Fine for Now, and the Stock Market Will Be, Too, Says Torsten Sløk","The Economy Is Fine for Now, and the Stock Market Will Be, Too, Says Torsten Sløk",positive
Recession risks roil markets but not yet alarming,Recession risks roil markets but not yet alarming,negative
Wall Street ends a wild and scary week almost exactly where it began. More tests loom next week,Wall Street ends a wild and scary week almost exactly where it began. More tests loom next week,neutral
"Stocks extend gains after sell-off amid positive data, Fed's rate signals","Stocks extend gains after sell-off amid positive data, Fed's rate signals",positive
"Compared to Estimates, Beauty Health (SKIN) Q2 Earnings: A Look at Key Metrics","Compared to Estimates, Beauty Health (SKIN) Q2 Earnings: A Look at Key Metrics",neutral
Fed rate-cut fervor is gripping Wall Street again. That could set up markets for another trap.,Fed rate-cut fervor is gripping Wall Street again. That could set up markets for another trap.,neutral
Why Investors Were High on Cronos Group Today,Why Investors Were High on Cronos Group Today,neutral
Why TKO Group Holdings Stock Crushed the Market Today,Why TKO Group Holdings Stock Crushed the Market Today,positive
FedEx (FDX) Rises Yet Lags Behind Market: Some Facts Worth Knowing,FedEx (FDX) Rises Yet Lags Behind Market: Some Facts Worth Knowing,positive
"Mortgage rates, Lumen CEO, Good Buy or Goodbye: Market Domination","Mortgage rates, Lumen CEO, Good Buy or Goodbye: Market Domination",positive
"SoundHound earnings, softening travel demand: Asking for a Trend","SoundHound earnings, softening travel demand: Asking for a Trend",negative
"SPAR Group, Inc. (SGRP) Stock Declines While Market Improves: Some Information for Investors","SPAR Group, Inc. (SGRP) Stock Declines While Market Improves: Some Information for Investors",negative
"Morning Bid: Optimism rises, but China inflation looms","Morning Bid: Optimism rises, but China inflation looms",neutral
"Recession fears ease, jobless claims data: Trading Takeaways","Recession fears ease, jobless claims data: Trading Takeaways",neutral
"The US economy is slowing, not collapsing: Raymond James CIO","The US economy is slowing, not collapsing: Raymond James CIO",negative
Parker-Hannifin Stock Jumps 11% as Strong Aerospace Sales Boost Earnings,Parker-Hannifin Stock Jumps 11% as Strong Aerospace Sales Boost Earnings,positive
S&P 500 Gains and Losses Today: Eli Lilly Soars on Growing Demand for Weight-Loss Drugs,S&P 500 Gains and Losses Today: Eli Lilly Soars on Growing Demand for Weight-Loss Drugs,positive
Equities Rally as Jobless Claims Report Helps Allay Recession Concerns,Equities Rally as Jobless Claims Report Helps Allay Recession Concerns,positive
S&P 500 Notches Biggest Rally Since November 2022: Markets Wrap,S&P 500 Notches Biggest Rally Since November 2022: Markets Wrap,positive
Equities Rally as Jobless Claims Ease Economic Concerns,Equities Rally as Jobless Claims Ease Economic Concerns,positive
"How major US stock indexes fared Thursday, 8/8/2024","How major US stock indexes fared Thursday, 8/8/2024",neutral
"Nasdaq leads stock comeback, rising by 2.8%: Market close","Nasdaq leads stock comeback, rising by 2.8%: Market close",positive
"The Fed is behind the curve, strategist warns","The Fed is behind the curve, strategist warns",positive
S&P 500 Notches Best Day Since 2022,S&P 500 Notches Best Day Since 2022,positive
Wall Street rallies to its best gain since 2022 after an encouraging update on the labor market; S&P 500 jumps 2.3%,Wall Street rallies to its best gain since 2022 after an encouraging update on the labor market; S&P 500 jumps 2.3%,positive
Redditors Say Buy These 5 ETFs Before Market Crash Starts As Recession Odds Hit Record Levels,Redditors Say Buy These 5 ETFs Before Market Crash Starts As Recession Odds Hit Record Levels,neutral
"Wall Street’s Fear Gauge Is Flashing Buy Sign, UBS Wealth CIO Says","Wall Street’s Fear Gauge Is Flashing Buy Sign, UBS Wealth CIO Says",positive
Why Nvidia Stock Bounced Back Today,Why Nvidia Stock Bounced Back Today,positive
"Dow jumps 683 points, S&P and Nasdaq roar higher as recession fears ease","Dow jumps 683 points, S&P and Nasdaq roar higher as recession fears ease",positive
"3 Stocks to Play the Bull & Bear Tug O' War: PPC, NEM, NOW","3 Stocks to Play the Bull & Bear Tug O' War: PPC, NEM, NOW",neutral
Equities Rise Intraday After Jobless Claims Drop to One-Month Low,Equities Rise Intraday After Jobless Claims Drop to One-Month Low,negative
"Making sense of jobless claims, CEOs report Q2 success: Wealth!","Making sense of jobless claims, CEOs report Q2 success: Wealth!",positive
Technology Pushes US Equity Indexes Higher as Jobless Claims Slump More Than Forecast,Technology Pushes US Equity Indexes Higher as Jobless Claims Slump More Than Forecast,positive
Navigating sell-offs and a volatile market: Catalysts,Navigating sell-offs and a volatile market: Catalysts,neutral
"Jobless claims data, WBD stock falls further: Morning Brief","Jobless claims data, WBD stock falls further: Morning Brief",neutral
Dow Rises 700 Points. Markets Keep Rallying Despite Weak Bond Auction.,Dow Rises 700 Points. Markets Keep Rallying Despite Weak Bond Auction.,positive
"So, Are We Getting A Recession? Top Economists And Money Managers Weigh In: 'Time Is On Your Side'","So, Are We Getting A Recession? Top Economists And Money Managers Weigh In: 'Time Is On Your Side'",negative
"Midday stock movers: Warner Bros. sinks, Nvidia, Rivian, Eli Lilly up","Midday stock movers: Warner Bros. sinks, Nvidia, Rivian, Eli Lilly up",neutral
Pound on track for worst losses in nearly a year amid US recession fears,Pound on track for worst losses in nearly a year amid US recession fears,positive
BlackRock Plans New ETFs to Ride — Or Dodge — Biggest Tech Firms,BlackRock Plans New ETFs to Ride — Or Dodge — Biggest Tech Firms,neutral
US Equity Indexes Advance Following Steeper-Than-Anticipated Drop in Jobless Claims,US Equity Indexes Advance Following Steeper-Than-Anticipated Drop in Jobless Claims,positive
'It's a good time to rebalance' portfolio amid volatility,'It's a good time to rebalance' portfolio amid volatility,positive
"Lack of Fed ‘Urgency’ Puts Stock Market At Risk, JPMorgan Says","Lack of Fed ‘Urgency’ Puts Stock Market At Risk, JPMorgan Says",positive
Everything Is Rallying Today. But Will the S&P 500 Hold On?,Everything Is Rallying Today. But Will the S&P 500 Hold On?,positive
"Stock market today: S&P 500, Nasdaq surge as wild week on Wall Street continues","Stock market today: S&P 500, Nasdaq surge as wild week on Wall Street continues",neutral
JPMorgan sees a greater chance of a US recession this year,JPMorgan sees a greater chance of a US recession this year,positive
Navigating market dips & parsing the VIX: Stocks in Translation,Navigating market dips & parsing the VIX: Stocks in Translation,neutral
"Jobless Claims Fall, But Big Fed Rate Cut Is Still Warranted; S&P 500 Rises","Jobless Claims Fall, But Big Fed Rate Cut Is Still Warranted; S&P 500 Rises",negative
